{"cameraMode":{"drawMode":0,"name":"Shaded","section":"Shading Mode"},"sceneLighting":true,"audioPlay":false,"sceneViewState":{"m_AlwaysRefresh":false,"showFog":true,"showSkybox":true,"showFlares":true,"showImageEffects":true,"showParticleSystems":true,"showVisualEffectGraphs":true,"m_FxEnabled":true},"in2DMode":false,"pivot":{"x":1.3954219818115235,"y":-0.6860949397087097,"z":-0.7483892440795898},"rotation":{"x":-0.06451940536499024,"y":0.819282591342926,"z":-0.09405984729528427,"w":-0.5619428753852844},"size":1.4473168849945069,"orthographic":false}